043905432,loadpos-043905432-1,288
043905432,loadpos-043905432-2,289
043905432,loadpos-043905432-3,290
043905432,loadpos-043905432-4,291
043905432,loadpos-043905432-5,292
043905432,loadpos-043905432-6,293
043905432,loadpos-043905432-7,294
043905432,loadpos-043905432-8,295
043905432,loadpos-043905432-9,296
043905432,loadpos-043905432-10,297
043905432,loadpos-043905432-11,298
043905432,loadpos-043905432-12,299
043905432,loadpos-043905432-13,300
043905432,loadpos-043905432-14,301
043905432,loadpos-043905432-15,302
043905432,loadpos-043905432-16,303
043905432,loadpos-043905432-17,304
043905432,loadpos-043905432-18,305
043905432,loadpos-043905432-19,306
043905432,loadpos-043905432-20,307
